{"1": 0.011697185035900573, "2": 0.044000285559056336, "3": 0.10275191535798416, "4": 0.16722911179494776, "5": 0.20188218117302292, "6": 0.1878870441293143, "7": 0.13833454406272197, "8": 0.0820543910452335, "9": 0.03973227971961389, "10": 0.015858789369730675, "11": 0.005254888402104294, "12": 0.0014528047173427785, "13": 0.00033622079542386, "14": 6.524589891803597e-05, "15": 1.0618716270010164e-05, "16": 1.4473944927836175e-06, "17": 1.647314129109715e-07, "18": 1.557720500302642e-08, "19": 1.2150109238135345e-09, "20": 7.738338935826906e-11, "21": 3.96850254224761e-12, "22": 1.607362242246873e-13, "23": 5.002630915771157e-15, "24": 1.1487923637858326e-16, "25": 1.824188418345139e-18, "26": 1.779006194704861e-20, "27": 7.982924303746893e-23, "0": 0.0014508652227755992}