{"1": 0.056823632246711664, "2": 0.14944448855924913, "3": 0.23335607977946807, "4": 0.24113789786885753, "5": 0.17398357140828827, "6": 0.0901318647613359, "7": 0.03395843728183128, "8": 0.009324582830862797, "9": 0.0018526455737653872, "10": 0.00026173266291168337, "11": 2.546718408621531e-05, "12": 1.612075156543883e-06, "13": 5.936403112087456e-08, "14": 9.578316062444132e-10, "0": 0.00969792744561282}